Tiempo (segundos),Luminosidad,Contraste
0,2.481,2.522
0.05,2.549,2.687
0.1,2.632,3.025
0.15,2.858,3.904
0.2,3.031,4.581
0.25,3.205,5.491
0.3,3.427,5.853
0.35,3.63,6.768
0.4,4.112,7.905
0.45,4.284,8.526
0.5,4.894,9.974
0.55,5.083,10.706
0.6,5.439,11.706
0.65,6.269,14.674
0.7,6.805,16.52
0.75,8.002,20.693
0.8,8.678,23.295
0.85,9.79,27.206
0.9,10.301,28.938
0.95,11.087,31.533
1.0,11.461,32.738
1.05,12.07,34.898
1.1,12.34,35.888
1.15,12.787,37.704
1.2,13.005,38.625
1.25,13.362,40.444
1.3,13.49,41.212
1.35,13.714,42.699
1.4,13.781,43.336
1.45,13.892,44.46
1.5,13.914,44.944
1.55,13.921,45.758
1.6,13.886,46.108
1.65,13.767,46.518
1.7,13.748,46.857
1.75,13.652,47.309
1.8,13.58,47.454
1.85,13.409,47.55
1.9,13.336,47.644
1.95,13.166,47.645
2.0,13.097,47.685
2.05,12.966,47.643
2.1,12.911,47.671
2.15,12.787,47.636
2.2,12.75,47.637
2.25,12.657,47.619
2.3,12.605,47.583
2.35,12.525,47.562
2.4,12.49,47.553
2.45,12.398,47.536
2.5,12.395,47.517
2.55,12.314,47.509
2.6,12.32,47.486
2.65,12.249,47.487
2.7,12.259,47.47
2.75,12.208,47.473
2.8,12.224,47.456
2.85,12.188,47.464
2.9,12.245,47.508
2.95,12.298,47.463
3.0,12.289,47.46
3.05,12.276,47.465
3.1,12.261,47.454
3.15,12.233,47.468
3.2,12.259,47.461
3.25,12.257,47.452
3.3,12.238,47.451
3.35,12.247,47.456
3.4,12.212,47.46
3.45,12.24,47.454
3.5,12.242,47.455
3.55,12.204,47.466
3.6,12.236,47.46
3.65,12.244,47.455
3.7,12.234,47.455
3.75,12.226,47.458
3.8,12.184,47.463
3.85,12.223,47.455
3.9,12.23,47.454
3.95,12.174,47.464
4.0,12.216,47.454
4.05,12.169,47.462
4.1,12.22,47.456
4.15,12.223,47.453
4.2,12.219,47.453
4.25,12.218,47.455
4.3,12.18,47.462
4.35,12.218,47.453
4.4,12.223,47.451
4.45,12.18,47.461
4.5,12.212,47.453
4.55,12.218,47.452
4.6,12.213,47.452
4.65,12.213,47.453
4.7,12.17,47.462
4.75,12.155,47.279
4.8,11.413,43.991
4.85,10.796,40.783
4.9,8.44,29.864
4.95,6.579,20.766
5.0,2.887,3.809
5.05,2.496,2.577
5.1,2.408,2.525
5.15,2.476,2.534
5.2,2.427,2.555
5.25,2.478,2.524
5.3,2.427,2.548
5.35,2.478,2.526
5.4,2.427,2.553
5.45,2.476,2.522
5.5,2.427,2.552
5.55,2.478,2.524
5.6,2.428,2.551
5.65,2.478,2.524
5.7,2.43,2.553
5.75,2.441,2.38
5.8,2.437,2.578
5.85,2.44,2.578
5.9,2.597,2.949
5.95,1.517,2.176
6.0,2.751,3.919
6.05,3.364,4.849
6.1,5.372,7.147
6.15,6.48,8.345
6.2,9.221,11.186
6.25,10.541,12.679
6.3,13.954,16.012
6.35,15.627,17.763
6.4,17.785,19.907
6.45,18.886,21.045
6.5,19.219,21.081
6.55,19.224,21.121
6.6,19.435,21.183
6.65,19.631,21.232
6.7,19.772,21.366
6.75,19.973,21.431
6.8,20.258,21.589
6.85,20.31,21.659
6.9,20.758,21.87
6.95,20.812,21.944
7.0,21.283,22.197
7.05,21.336,22.274
7.1,21.817,22.569
7.15,21.862,22.636
7.2,22.356,22.948
7.25,22.403,23.005
7.3,22.896,23.365
7.35,22.998,23.476
7.4,23.514,23.92
7.45,23.532,23.972
7.5,24.126,24.461
7.55,24.318,24.692
7.6,24.721,25.094
7.65,24.941,25.344
7.7,25.233,25.658
7.75,25.519,25.947
7.8,25.75,26.302
7.85,26.058,26.612
7.9,26.479,27.133
7.95,26.514,27.199
8.0,27.063,27.795
8.05,27.224,28.041
8.1,27.573,28.46
8.15,27.82,28.761
8.2,28.007,29.063
8.25,28.27,29.398
8.3,28.499,29.737
8.35,28.755,30.068
8.4,28.999,30.433
8.45,29.269,30.781
8.5,29.551,31.211
8.55,29.605,31.314
8.6,30.012,31.822
8.65,30.079,31.949
8.7,30.356,32.352
8.75,30.499,32.521
8.8,30.598,32.713
8.85,30.602,32.72
8.9,30.998,33.138
8.95,31.005,33.151
9.0,31.157,33.403
9.05,31.162,33.411
9.1,31.386,33.755
9.15,31.392,33.751
9.2,31.411,33.807
9.25,31.427,33.831
9.3,31.436,33.843
9.35,31.435,33.855
9.4,31.458,33.871
9.45,31.453,33.875
9.5,31.458,33.886
9.55,31.46,33.89
9.6,31.458,33.895
9.65,31.466,33.891
9.7,31.461,33.894
9.75,31.46,33.896
9.8,31.46,33.896
9.85,31.917,34.037
9.9,32.356,34.071
9.95,32.677,34.283
10.0,32.559,34.444
10.05,32.879,34.644
10.1,33.318,34.698
10.15,33.601,34.881
10.2,33.482,35.032
10.25,33.783,35.232
10.3,34.159,35.228
10.35,33.475,34.512
10.4,33.501,33.958
10.45,32.86,32.777
10.5,32.202,32.218
10.55,31.442,30.979
10.6,31.042,30.376
10.65,30.309,29.302
10.7,30.048,28.545
10.75,29.308,27.58
10.8,28.582,27.09
10.85,27.764,26.066
10.9,27.667,25.593
10.95,26.763,24.711
11.0,26.162,24.44
11.05,25.279,23.69
11.1,25.125,23.346
11.15,23.985,22.727
11.2,23.687,22.398
11.25,23.002,22.116
11.3,22.411,21.988
11.35,21.699,21.752
11.4,21.434,21.601
11.45,20.764,21.512
11.5,20.344,21.502
11.55,19.823,21.46
11.6,19.558,21.453
11.65,19.181,21.533
11.7,19.107,21.583
11.75,18.824,21.586
11.8,18.503,21.614
11.85,18.284,21.539
11.9,18.271,21.605
11.95,17.904,21.654
12.0,18.157,21.664
12.05,18.128,21.731
12.1,17.915,21.806
12.15,17.776,21.937
12.2,17.841,21.985
12.25,17.781,22.054
12.3,17.39,22.181
12.35,17.473,22.222
12.4,17.168,22.303
12.45,17.36,22.436
12.5,17.16,22.48
12.55,17.114,22.527
12.6,16.946,22.636
12.65,16.905,22.64
12.7,16.725,22.705
12.75,16.21,22.81
12.8,15.963,22.893
12.85,16.223,22.942
12.9,16.017,22.985
12.95,16.207,23.021
13.0,15.845,23.14
13.05,15.576,23.19
13.1,15.334,23.306
13.15,15.136,23.342
13.2,14.891,23.346
13.25,14.912,23.369
13.3,15.099,23.344
13.35,14.922,23.305
13.4,14.621,23.219
13.45,14.424,23.049
13.5,14.441,22.948
13.55,13.59,22.693
13.6,13.388,22.654
13.65,13.388,22.534
13.7,13.529,22.418
13.75,13.283,22.176
13.8,13.43,21.945
13.85,12.924,21.555
13.9,12.662,21.311
13.95,11.615,21.145
14.0,11.77,21.083
14.05,11.669,21.019
14.1,11.43,20.962
14.15,11.177,20.816
14.2,11.203,20.789
14.25,11.183,20.579
14.3,10.974,20.546
14.35,10.914,20.382
14.4,11.061,20.349
14.45,10.958,20.137
14.5,10.901,20.045
14.55,10.914,19.988
14.6,10.754,19.97
14.65,10.652,19.691
14.7,10.808,19.644
14.75,10.804,19.582
14.8,10.641,19.562
14.85,10.485,19.352
14.9,10.541,19.303
14.95,10.601,18.96
15.0,10.468,18.936
15.05,10.578,18.778
15.1,10.448,18.698
15.15,10.432,18.517
15.2,10.556,18.423
15.25,10.506,18.296
15.3,10.507,18.288
15.35,10.478,18.075
15.4,10.445,17.919
15.45,10.428,17.815
15.5,10.425,17.676
15.55,10.21,17.381
15.6,10.291,17.187
15.65,10.124,16.997
15.7,10.209,16.902
15.75,10.028,16.699
15.8,10.15,16.616
15.85,10.0,16.58
15.9,10.079,16.386
15.95,9.851,15.982
16.0,9.901,15.67
16.05,9.723,15.555
16.1,9.78,15.318
16.15,9.578,15.06
16.2,9.67,14.92
16.25,9.514,14.904
16.3,9.599,14.804
16.35,9.411,14.679
16.4,9.501,14.475
16.45,9.301,14.284
16.5,9.387,14.239
16.55,9.202,14.218
16.6,9.329,14.236
16.65,9.16,14.329
16.7,9.264,14.261
16.75,9.083,14.371
16.8,9.263,14.302
16.85,9.144,14.368
16.9,9.129,14.213
16.95,8.8,13.965
17.0,8.924,13.974
17.05,8.69,13.87
17.1,8.872,13.733
17.15,8.72,13.884
17.2,8.671,13.838
17.25,8.657,13.965
17.3,8.652,14.035
17.35,8.73,14.059
17.4,8.51,14.133
17.45,8.558,14.306
17.5,8.777,14.232
17.55,8.771,14.283
17.6,8.55,14.352
17.65,8.567,14.517
17.7,8.769,14.352
17.75,8.7,14.192
17.8,8.471,14.215
17.85,8.332,14.16
17.9,8.418,14.156
17.95,8.424,14.22
18.0,8.606,14.215
18.05,8.535,14.027
18.1,8.501,13.819
18.15,8.533,13.651
18.2,8.342,13.71
18.25,8.349,13.74
18.3,8.545,13.748
18.35,8.568,13.861
18.4,8.379,13.922
18.45,8.38,13.979
18.5,8.579,13.994
18.55,8.525,14.062
18.6,8.517,14.063
18.65,8.588,14.146
18.7,8.399,14.197
18.75,8.428,14.291
18.8,8.579,14.319
18.85,8.435,14.38
18.9,8.446,14.401
18.95,8.595,14.321
19.0,8.452,14.403
19.05,8.567,14.454
19.1,8.846,14.496
19.15,8.965,14.564
19.2,8.776,14.589
19.25,9.041,14.609
19.3,8.915,14.691
19.35,9.156,14.726
19.4,9.011,14.764
19.45,9.201,14.872
19.5,9.047,14.951
19.55,9.222,14.969
19.6,9.067,15.012
19.65,9.151,15.047
19.7,9.302,15.019
19.75,9.11,14.894
19.8,9.294,14.861
19.85,9.201,14.805
19.9,9.188,14.791
19.95,9.229,14.829
20.0,9.04,14.859
20.05,9.089,14.874
20.1,9.285,14.843
20.15,9.288,14.797
20.2,9.108,14.766
20.25,9.129,14.798
20.3,9.332,14.857
20.35,9.308,14.872
20.4,9.317,14.896
20.45,9.304,15.008
20.5,9.108,15.015
20.55,8.463,15.086
20.6,8.558,15.146
20.65,8.126,15.241
20.7,7.763,15.23
20.75,7.401,15.28
20.8,7.25,15.27
20.85,6.414,15.341
20.9,6.506,15.359
20.95,6.234,15.455
21.0,6.049,15.449
21.05,5.859,15.572
21.1,5.691,15.572
21.15,5.569,15.683
21.2,5.48,15.799
21.25,5.048,15.967
21.3,4.97,15.907
21.35,4.905,15.898
21.4,4.854,15.92
21.45,4.448,15.975
21.5,4.48,15.983
21.55,4.423,15.989
21.6,4.374,15.972
21.65,3.824,15.834
21.7,3.888,15.777
21.75,3.788,15.792
21.8,3.655,15.824
21.85,3.614,15.92
21.9,3.501,15.93
21.95,3.423,16.058
22.0,3.496,16.069
22.05,3.47,16.049
22.1,3.378,15.965
22.15,3.382,16.06
22.2,3.384,16.098
22.25,3.382,16.141
22.3,3.381,16.158
22.35,3.382,16.218
22.4,3.453,16.263
22.45,3.453,16.304
22.5,3.387,16.283
22.55,3.448,16.329
22.6,3.37,16.246
22.65,3.352,16.145
22.7,3.347,16.145
22.75,3.344,16.16
22.8,3.412,16.216
22.85,3.421,16.266
22.9,3.359,16.257
22.95,3.364,16.28
23.0,3.431,16.309
23.05,3.415,16.34
23.1,3.413,16.335
23.15,3.441,16.434
23.2,3.382,16.423
23.25,3.392,16.46
23.3,3.441,16.388
23.35,3.462,16.488
23.4,3.411,16.509
23.45,3.416,16.564
23.5,3.485,16.61
23.55,3.514,16.74
23.6,3.46,16.774
23.65,3.459,16.737
23.7,3.526,16.767
23.75,3.528,16.729
23.8,3.455,16.639
23.85,3.412,16.67
23.9,3.452,16.597
23.95,3.469,16.629
24.0,3.422,16.612
24.05,3.408,16.507
24.1,3.472,16.554
24.15,3.482,16.587
24.2,3.425,16.567
24.25,3.47,16.541
24.3,3.422,16.562
24.35,3.478,16.72
24.4,3.466,16.769
24.45,3.54,16.865
24.5,3.489,16.85
24.55,3.511,16.915
24.6,3.568,16.952
24.65,3.52,16.975
24.7,3.578,17.013
24.75,3.516,16.928
24.8,3.568,16.937
24.85,3.596,17.09
24.9,3.544,17.107
24.95,3.55,17.046
25.0,3.607,17.085
25.05,3.522,16.883
25.1,3.553,16.794
25.15,3.492,16.767
25.2,3.54,16.727
25.25,3.451,16.273
25.3,3.408,16.015
25.35,3.332,15.689
25.4,3.295,15.488
25.45,3.209,15.037
25.5,3.156,14.9
25.55,3.153,14.869
25.6,3.186,14.834
25.65,3.19,14.832
25.7,3.164,14.859
25.75,3.183,14.89
25.8,3.229,14.938
25.85,3.221,14.858
25.9,3.18,14.778
25.95,3.192,14.809
26.0,3.241,14.898
26.05,3.234,14.969
26.1,3.241,15.0
26.15,3.229,14.79
26.2,3.207,14.837
26.25,3.237,14.955
26.3,3.281,14.992
26.35,3.291,15.017
26.4,3.258,15.005
26.45,3.271,15.059
26.5,3.269,14.944
26.55,3.254,14.982
26.6,3.302,15.022
26.65,3.316,15.05
26.7,3.291,15.073
26.75,3.293,15.036
26.8,3.332,15.067
26.85,3.24,15.072
26.9,3.286,15.149
26.95,3.32,15.288
27.0,3.34,15.36
27.05,3.37,15.436
27.1,3.358,15.511
27.15,3.412,15.694
27.2,3.405,15.73
27.25,3.408,15.68
27.3,3.412,15.608
27.35,3.356,15.404
27.4,3.365,15.381
27.45,3.356,15.374
27.5,3.385,15.461
27.55,3.377,15.46
27.6,3.399,15.518
27.65,3.415,15.661
27.7,3.435,15.702
27.75,3.418,15.626
27.8,3.428,15.603
27.85,3.441,15.723
27.9,3.452,15.731
27.95,3.453,15.774
28.0,3.487,15.812
28.05,3.501,15.918
28.1,3.486,15.996
28.15,3.527,16.085
28.2,3.526,16.149
28.25,3.568,16.331
28.3,3.587,16.4
28.35,3.52,16.189
28.4,3.448,15.726
28.45,3.337,14.963
28.5,3.346,14.997
28.55,3.373,15.194
28.6,3.368,15.098
28.65,3.368,15.127
28.7,3.406,15.265
28.75,3.45,15.517
28.8,3.49,15.661
28.85,3.543,15.946
28.9,3.592,16.118
28.95,3.638,16.37
29.0,3.67,16.465
29.05,3.708,16.677
29.1,3.696,16.518
29.15,3.702,16.545
29.2,3.738,16.644
29.25,3.804,16.959
29.3,3.842,17.078
29.35,3.821,16.932
29.4,3.816,16.79
29.45,3.879,17.086
29.5,3.932,17.263
29.55,3.968,17.36
29.6,4.015,17.504
29.65,4.094,17.851
29.7,4.14,17.991
29.75,4.225,18.387
29.8,4.303,18.546
29.85,4.249,18.514
29.9,4.242,18.378
29.95,4.264,18.406
30.0,4.273,18.367
30.05,4.241,18.226
30.1,4.243,18.165
30.15,4.239,18.139
30.2,4.281,18.205
30.25,4.346,18.448
30.3,4.364,18.613
30.35,4.458,18.961
30.4,4.475,19.075
30.45,4.504,19.165
30.5,4.496,19.149
30.55,4.478,18.938
30.6,4.443,18.772
30.65,4.475,18.903
30.7,4.459,18.897
30.75,4.439,18.666
30.8,4.445,18.731
30.85,4.557,19.054
30.9,4.591,19.218
30.95,4.68,19.547
31.0,4.723,19.708
31.05,4.811,19.989
31.1,4.837,20.076
31.15,4.831,20.121
31.2,4.865,20.14
31.25,4.867,20.132
31.3,4.89,20.15
31.35,4.896,20.238
31.4,4.921,20.307
31.45,4.936,20.407
31.5,4.96,20.456
31.55,4.967,20.513
31.6,4.986,20.553
31.65,4.982,20.561
31.7,4.986,20.564
31.75,4.985,20.564
31.8,4.984,20.562
31.85,4.984,20.562
31.9,4.984,20.561
31.95,4.985,20.561
32.0,4.984,20.56
32.05,4.984,20.56
32.1,4.985,20.561
32.15,4.984,20.559
32.2,4.984,20.56
32.25,4.984,20.56
32.3,4.984,20.559
32.35,4.987,20.568
32.4,4.986,20.563
32.45,4.987,20.566
32.5,4.99,20.571
32.55,4.987,20.563
32.6,4.99,20.569
32.65,4.992,20.572
32.7,4.991,20.57
32.75,5.004,20.591
32.8,5.0,20.585
32.85,4.98,20.567
32.9,4.994,20.583
32.95,4.991,20.576
33.0,4.999,20.589
33.05,5.0,20.589
33.1,4.998,20.585
33.15,5.012,20.61
33.2,5.006,20.601
33.25,5.01,20.604
33.3,5.017,20.612
33.35,5.012,20.609
33.4,5.02,20.62
33.45,5.024,20.631
33.5,5.022,20.626
33.55,5.037,20.646
33.6,5.032,20.643
33.65,5.037,20.65
33.7,5.046,20.663
33.75,5.039,20.656
33.8,5.044,20.664
33.85,5.048,20.673
33.9,5.047,20.67
33.95,5.064,20.695
34.0,5.061,20.7
34.05,5.065,20.704
34.1,5.074,20.715
34.15,5.066,20.703
34.2,5.073,20.717
34.25,5.081,20.735
34.3,5.078,20.727
34.35,5.095,20.75
34.4,5.09,20.752
34.45,5.094,20.76
34.5,5.106,20.771
34.55,5.098,20.764
34.6,5.115,20.793
34.65,5.123,20.809
34.7,5.111,20.79
34.75,5.136,20.833
34.8,5.122,20.813
34.85,5.146,20.85
34.9,5.132,20.831
34.95,5.162,20.872
35.0,5.158,20.87
35.05,5.151,20.863
35.1,5.154,20.867
35.15,5.165,20.887
35.2,5.167,20.892
35.25,5.177,20.909
35.3,5.18,20.915
35.35,5.187,20.927
35.4,5.191,20.934
35.45,5.204,20.957
35.5,5.217,20.977
35.55,5.211,20.974
35.6,5.222,20.995
35.65,5.231,21.011
35.7,5.229,21.007
35.75,5.255,21.045
35.8,5.25,21.044
35.85,5.231,21.046
35.9,5.257,21.082
35.95,5.254,21.078
36.0,5.268,21.099
36.05,5.281,21.121
36.1,5.278,21.117
36.15,5.309,21.163
36.2,5.306,21.168
36.25,5.314,21.176
36.3,5.323,21.191
36.35,5.339,21.223
36.4,5.355,21.239
36.45,5.35,21.242
36.5,5.364,21.267
36.55,5.378,21.288
36.6,5.376,21.291
36.65,5.408,21.335
36.7,5.406,21.341
36.75,5.42,21.367
36.8,5.436,21.385
36.85,5.435,21.4
36.9,5.45,21.42
36.95,5.466,21.448
37.0,5.465,21.451
37.05,5.499,21.503
37.1,5.5,21.515
37.15,5.513,21.535
37.2,5.533,21.563
37.25,5.532,21.573
37.3,5.549,21.601
37.35,5.568,21.634
37.4,5.566,21.635
37.45,5.611,21.705
37.5,5.616,21.716
37.55,5.602,21.701
37.6,5.648,21.769
37.65,5.653,21.786
37.7,5.673,21.815
37.75,5.685,21.836
37.8,5.703,21.874
37.85,5.719,21.893
37.9,5.712,21.896
37.95,5.744,21.946
38.0,5.767,21.988
38.05,5.755,21.972
38.1,5.804,22.044
38.15,5.811,22.064
38.2,5.833,22.104
38.25,5.849,22.125
38.3,5.845,22.128
38.35,5.879,22.182
38.4,5.906,22.224
38.45,5.896,22.218
38.5,5.949,22.298
38.55,5.958,22.317
38.6,5.984,22.362
38.65,6.003,22.387
38.7,6.003,22.399
38.75,6.037,22.449
38.8,6.068,22.503
38.85,6.059,22.496
38.9,6.095,22.568
38.95,6.116,22.604
39.0,6.143,22.642
39.05,6.168,22.677
39.1,6.17,22.694
39.15,6.208,22.751
39.2,6.243,22.807
39.25,6.237,22.807
39.3,6.302,22.901
39.35,6.303,22.907
39.4,6.337,22.962
39.45,6.364,23.0
39.5,6.376,23.029
39.55,6.41,23.081
39.6,6.447,23.141
39.65,6.451,23.155
39.7,6.51,23.233
39.75,6.523,23.26
39.8,6.564,23.328
39.85,6.591,23.358
39.9,6.609,23.407
39.95,6.646,23.458
40.0,6.687,23.519
40.05,6.695,23.542
40.1,6.762,23.632
40.15,6.785,23.676
40.2,6.829,23.742
40.25,6.862,23.792
40.3,6.878,23.825
40.35,6.924,23.89
40.4,6.975,23.969
40.45,6.975,23.978
40.5,7.057,24.093
40.55,7.076,24.127
40.6,7.127,24.207
40.65,7.163,24.257
40.7,7.184,24.301
40.75,7.236,24.373
40.8,7.294,24.461
40.85,7.296,24.473
40.9,7.388,24.596
40.95,7.411,24.638
41.0,7.468,24.722
41.05,7.508,24.776
41.1,7.536,24.832
41.15,7.593,24.908
41.2,7.66,25.008
41.25,7.664,25.024
41.3,7.768,25.166
41.35,7.795,25.208
41.4,7.864,25.311
41.45,7.909,25.371
41.5,7.946,25.437
41.55,8.011,25.522
41.6,8.087,25.629
41.65,8.096,25.652
41.7,8.215,25.806
41.75,8.247,25.86
41.8,8.336,25.977
41.85,8.344,26.008
41.9,8.426,26.123
41.95,8.495,26.214
42.0,8.556,26.308
42.05,8.629,26.402
42.1,8.695,26.5
42.15,8.77,26.597
42.2,8.869,26.734
42.25,8.889,26.77
42.3,9.025,26.947
42.35,9.044,26.983
42.4,9.181,27.155
42.45,9.202,27.196
42.5,9.342,27.374
42.55,9.362,27.411
42.6,9.501,27.577
42.65,9.547,27.648
42.7,9.654,27.786
42.75,9.725,27.872
42.8,9.807,28.003
42.85,9.894,28.105
42.9,9.978,28.226
42.95,10.069,28.334
43.0,10.191,28.492
43.05,10.213,28.531
43.1,10.378,28.729
43.15,10.431,28.801
43.2,10.548,28.953
43.25,10.615,29.036
43.3,10.735,29.189
43.35,10.811,29.277
43.4,10.892,29.398
43.45,10.991,29.512
43.5,11.123,29.676
43.55,11.15,29.723
43.6,11.331,29.93
43.65,11.387,30.006
43.7,11.517,30.163
43.75,11.59,30.253
43.8,11.724,30.415
43.85,11.798,30.505
43.9,11.936,30.677
43.95,12.019,30.769
44.0,12.113,30.902
44.05,12.222,31.018
44.1,12.332,31.161
44.15,12.444,31.281
44.2,12.6,31.466
44.25,12.632,31.516
44.3,12.839,31.735
44.35,12.908,31.822
44.4,13.064,32.001
44.45,13.157,32.097
44.5,13.263,32.242
44.55,13.387,32.363
44.6,13.511,32.52
44.65,13.636,32.641
44.7,13.762,32.8
44.75,13.887,32.924
44.8,14.016,33.083
44.85,14.113,33.187
44.9,14.331,33.395
44.95,14.368,33.46
45.0,14.586,33.682
45.05,14.631,33.742
45.1,14.86,33.967
45.15,14.907,34.032
45.2,15.14,34.258
45.25,15.186,34.322
45.3,15.424,34.552
45.35,15.472,34.617
45.4,15.716,34.844
45.45,15.765,34.91
45.5,16.012,35.137
45.55,16.063,35.203
45.6,16.315,35.427
45.65,16.368,35.493
45.7,16.623,35.718
45.75,16.677,35.784
45.8,16.948,36.011
45.85,17.045,36.107
45.9,17.252,36.299
45.95,17.373,36.399
46.0,17.527,36.557
46.05,17.687,36.685
46.1,17.915,36.881
46.15,17.972,36.944
46.2,18.25,37.162
46.25,18.309,37.226
46.3,18.594,37.445
46.35,18.653,37.507
46.4,18.949,37.729
46.45,19.055,37.818
46.5,19.283,37.996
46.55,19.408,38.091
46.6,19.643,38.277
46.65,19.771,38.368
46.7,20.007,38.544
46.75,20.138,38.641
46.8,20.38,38.815
46.85,20.522,38.912
46.9,20.704,39.056
46.95,20.886,39.176
47.0,21.086,39.323
47.05,21.264,39.435
47.1,21.463,39.58
47.15,21.646,39.694
47.2,21.855,39.841
47.25,22.021,39.938
47.3,22.292,40.105
47.35,22.393,40.183
47.4,22.714,40.368
47.45,22.836,40.45
47.5,23.1,40.608
47.55,23.242,40.699
47.6,23.515,40.856
47.65,23.664,40.946
47.7,23.939,41.109
47.75,24.087,41.199
47.8,24.407,41.385
47.85,24.514,41.467
47.9,24.829,41.627
47.95,24.988,41.71
48.0,25.251,41.869
48.05,25.419,41.958
48.1,25.675,42.097
48.15,25.862,42.204
48.2,26.143,42.364
48.25,26.246,42.428
48.3,26.573,42.621
48.35,26.685,42.71
48.4,26.912,42.885
48.45,27.016,42.98
48.5,27.224,43.189
48.55,27.313,43.293
48.6,27.361,43.461
48.65,27.446,43.578
48.7,27.358,43.684
48.75,27.363,43.749
48.8,27.107,43.689
48.85,27.021,43.63
48.9,26.571,43.239
48.95,26.397,42.996
49.0,25.789,42.207
49.05,25.547,41.757
49.1,24.853,40.676
49.15,24.606,40.196
49.2,23.952,39.218
49.25,23.731,38.816
49.3,23.164,38.111
49.35,22.986,37.828
49.4,22.535,37.304
49.45,22.253,37.027
49.5,21.916,36.621
49.55,21.721,36.459
49.6,21.424,36.276
49.65,21.308,36.231
49.7,21.116,36.205
49.75,21.06,36.235
49.8,20.987,36.324
49.85,20.982,36.39
49.9,20.995,36.526
49.95,21.036,36.601
50.0,21.035,36.707
50.05,21.154,36.803
50.1,21.204,36.906
50.15,21.292,36.972
50.2,21.401,37.097
50.25,21.507,37.171
50.3,21.645,37.299
50.35,21.669,37.346
50.4,21.868,37.491
50.45,21.914,37.547
50.5,22.047,37.665
50.55,22.133,37.737
50.6,22.2,37.837
50.65,22.29,37.901
50.7,22.39,38.017
50.75,22.478,38.081
50.8,22.576,38.194
50.85,22.677,38.273
50.9,22.789,38.365
50.95,22.806,38.41
51.0,22.953,38.536
51.05,22.977,38.582
51.1,23.119,38.702
51.15,23.148,38.751
51.2,23.31,38.875
51.25,23.349,38.926
51.3,23.453,39.028
51.35,23.522,39.083
51.4,23.567,39.168
51.45,23.641,39.221
51.5,23.719,39.315
51.55,23.806,39.369
51.6,23.932,39.479
51.65,23.905,39.491
51.7,24.079,39.605
51.75,24.111,39.642
51.8,24.196,39.715
51.85,24.247,39.755
51.9,24.324,39.817
51.95,24.377,39.852
52.0,24.374,39.885
52.05,24.484,39.942
52.1,24.489,39.971
52.15,24.596,40.025
52.2,24.672,40.074
52.25,24.634,40.071
52.3,24.786,40.143
52.35,24.812,40.167
52.4,24.879,40.211
52.45,24.923,40.231
52.5,24.906,40.239
52.55,25.011,40.285
52.6,25.072,40.317
52.65,25.029,40.305
52.7,25.17,40.365
52.75,25.189,40.377
52.8,25.24,40.4
52.85,25.276,40.414
52.9,25.237,40.405
52.95,25.335,40.443
53.0,25.297,40.428
53.05,25.391,40.463
53.1,25.421,40.474
53.15,25.358,40.45
53.2,25.461,40.49
53.25,25.389,40.461
53.3,25.479,40.492
53.35,25.468,40.49
53.4,25.462,40.484
53.45,25.46,40.484
53.5,25.385,40.446
53.55,25.372,40.436
53.6,25.33,40.413
53.65,25.306,40.399
53.7,25.242,40.353
53.75,25.205,40.325
53.8,25.153,40.272
53.85,25.08,40.232
53.9,24.961,40.124
53.95,24.914,40.068
54.0,24.732,39.911
54.05,24.678,39.848
54.1,24.48,39.669
54.15,24.421,39.586
54.2,24.201,39.378
54.25,24.133,39.282
54.3,23.904,39.051
54.35,23.821,38.939
54.4,23.559,38.656
54.45,23.488,38.534
54.5,23.237,38.227
54.55,23.062,38.042
54.6,22.835,37.721
54.65,22.669,37.53
54.7,22.465,37.197
54.75,22.309,37.006
54.8,22.026,36.626
54.85,21.899,36.447
54.9,21.551,36.047
54.95,21.457,35.876
55.0,21.17,35.502
55.05,20.982,35.293
55.1,20.767,34.953
55.15,20.613,34.767
55.2,20.334,34.424
55.25,20.212,34.281
55.3,19.971,34.013
55.35,19.864,33.905
55.4,19.676,33.743
55.45,19.595,33.674
55.5,19.36,33.561
55.55,19.307,33.531
55.6,19.131,33.475
55.65,19.107,33.48
55.7,18.976,33.474
55.75,18.874,33.461
55.8,18.829,33.514
55.85,18.762,33.529
55.9,18.681,33.582
55.95,18.652,33.617
56.0,18.52,33.667
56.05,18.534,33.72
56.1,18.468,33.808
56.15,18.4,33.835
56.2,18.375,33.935
56.25,18.329,33.974
56.3,18.343,34.089
56.35,18.309,34.144
56.4,18.274,34.237
56.45,18.275,34.3
56.5,18.189,34.383
56.55,18.204,34.439
56.6,18.159,34.546
56.65,18.193,34.616
56.7,18.18,34.734
56.75,18.138,34.771
56.8,18.163,34.899
56.85,18.139,34.946
56.9,18.154,35.058
56.95,18.164,35.12
57.0,18.181,35.235
57.05,18.192,35.301
57.1,18.228,35.431
57.15,18.254,35.495
57.2,18.246,35.61
57.25,18.288,35.679
57.3,18.313,35.804
57.35,18.358,35.874
57.4,18.396,36.003
57.45,18.452,36.076
57.5,18.495,36.205
57.55,18.551,36.275
57.6,18.608,36.409
57.65,18.67,36.477
57.7,18.737,36.608
57.75,18.813,36.682
57.8,18.909,36.831
57.85,18.929,36.883
57.9,19.083,37.039
57.95,19.126,37.114
58.0,19.247,37.248
58.05,19.327,37.332
58.1,19.41,37.458
58.15,19.511,37.539
58.2,19.653,37.695
58.25,19.691,37.757
58.3,19.867,37.916
58.35,19.921,37.98
58.4,20.102,38.144
58.45,20.154,38.209
58.5,20.362,38.381
58.55,20.426,38.454
58.6,20.576,38.599
58.65,20.701,38.711
58.7,20.856,38.866
58.75,20.947,38.945
58.8,21.027,39.062
58.85,21.164,39.167
58.9,21.244,39.28
58.95,21.375,39.381
59.0,21.437,39.47
59.05,21.558,39.556
59.1,21.601,39.617
59.15,21.713,39.69
59.2,21.807,39.753
59.25,21.781,39.753
59.3,21.931,39.845
59.35,21.896,39.835
59.4,22.032,39.906
59.45,21.99,39.884
59.5,22.11,39.939
59.55,22.059,39.908
59.6,22.173,39.937
59.65,22.178,39.925
59.7,22.196,39.898
59.75,22.215,39.874
59.8,22.141,39.784
59.85,22.183,39.779
59.9,22.163,39.629
59.95,22.12,39.567
60.0,22.134,39.463
60.05,22.096,39.394
60.1,22.106,39.282
60.15,22.071,39.221
60.2,22.098,39.111
60.25,22.082,39.068
60.3,22.057,38.968
60.35,22.058,38.938
60.4,22.066,38.883
60.45,22.084,38.861
60.5,22.048,38.824
60.55,22.093,38.817
60.6,22.115,38.789
60.65,22.094,38.77
60.7,22.16,38.759
60.75,22.153,38.751
60.8,22.237,38.76
60.85,22.239,38.763
60.9,22.335,38.788
60.95,22.349,38.807
61.0,22.47,38.863
61.05,22.494,38.892
61.1,22.639,38.966
61.15,22.67,39.006
61.2,22.837,39.093
61.25,22.879,39.143
61.3,23.067,39.254
61.35,23.119,39.31
61.4,23.382,39.452
61.45,23.47,39.522
61.5,23.66,39.646
61.55,23.772,39.711
61.6,23.896,39.821
61.65,24.08,39.911
61.7,24.224,40.016
61.75,24.414,40.105
61.8,24.57,40.212
61.85,24.766,40.301
61.9,25.014,40.433
61.95,25.054,40.472
62.0,25.394,40.629
62.05,25.435,40.662
62.1,25.781,40.813
62.15,25.826,40.845
62.2,26.183,40.995
62.25,26.23,41.029
62.3,26.601,41.173
62.35,26.724,41.231
62.4,26.992,41.346
62.45,27.14,41.408
62.5,27.409,41.511
62.55,27.565,41.567
62.6,27.746,41.654
62.65,27.923,41.699
62.7,28.187,41.81
62.75,28.381,41.863
62.8,28.685,41.965
62.85,28.777,42.018
62.9,29.114,42.06
62.95,29.209,42.116
63.0,29.556,42.224
63.05,29.666,42.278
63.1,30.012,42.373
63.15,30.124,42.422
63.2,30.469,42.511
63.25,30.581,42.56
63.3,30.951,42.634
63.35,31.092,42.693
63.4,31.386,42.77
63.45,31.556,42.816
63.5,31.869,42.898
63.55,32.038,42.936
63.6,32.285,43.024
63.65,32.468,43.055
63.7,32.761,43.139
63.75,32.964,43.17
63.8,33.295,43.249
63.85,33.405,43.294
63.9,33.802,43.358
63.95,33.945,43.396
64.0,34.241,43.465
64.05,34.412,43.497
64.1,34.74,43.564
64.15,34.925,43.594
64.2,35.169,43.663
64.25,35.358,43.686
64.3,35.649,43.754
64.35,35.858,43.778
64.4,36.187,43.835
64.45,36.287,43.867
64.5,36.644,43.912
64.55,36.761,43.946
64.6,37.153,43.989
64.65,37.294,44.018
64.7,37.601,44.063
64.75,37.789,44.093
64.8,38.023,44.143
64.85,38.23,44.163
64.9,38.554,44.205
64.95,38.649,44.235
65.0,39.001,44.267
65.05,39.114,44.296
65.1,39.505,44.334
65.15,39.638,44.35
65.2,39.912,44.38
65.25,40.077,44.401
65.3,40.39,44.44
65.35,40.572,44.456
65.4,40.788,44.496
65.45,40.991,44.509
65.5,41.303,44.539
65.55,41.379,44.558
65.6,41.717,44.579
65.65,41.818,44.603
65.7,42.193,44.631
65.75,42.314,44.642
65.8,42.618,44.667
65.85,42.733,44.701
65.9,42.901,44.668
65.95,43.096,44.679
66.0,43.379,44.708
66.05,43.464,44.731
66.1,43.8,44.743
66.15,43.922,44.764
66.2,44.187,44.785
66.25,44.332,44.79
66.3,44.53,44.826
66.35,44.69,44.825
66.4,44.915,44.858
66.45,45.063,44.858
66.5,45.284,44.888
66.55,45.444,44.886
66.6,45.696,44.91
66.65,45.759,44.926
66.7,46.022,44.936
66.75,46.107,44.952
66.8,46.368,44.962
66.85,46.44,44.974
66.9,46.723,44.982
66.95,46.817,44.991
67.0,47.018,45.003
67.05,47.152,45.012
67.1,47.285,45.033
67.15,47.429,45.034
67.2,47.636,45.047
67.25,47.677,45.058
67.3,47.897,45.06
67.35,47.957,45.075
67.4,48.165,45.08
67.45,48.22,45.092
67.5,48.463,45.1
67.55,48.525,45.103
67.6,48.676,45.113
67.65,48.787,45.122
67.7,48.865,45.133
67.75,48.963,45.131
67.8,49.083,45.143
67.85,49.178,45.143
67.9,49.295,45.156
67.95,49.382,45.156
68.0,49.485,45.167
68.05,49.564,45.162
68.1,49.66,45.176
68.15,49.739,45.173
68.2,49.822,45.183
68.25,49.92,45.185
68.3,50.024,45.193
68.35,50.02,45.196
68.4,50.185,45.202
68.45,50.2,45.204
68.5,50.249,45.202
68.55,50.285,45.203
68.6,50.349,45.206
68.65,50.387,45.205
68.7,50.437,45.208
68.75,50.475,45.211
68.8,50.58,45.216
68.85,50.604,45.226
68.9,50.529,45.211
68.95,50.56,45.208
69.0,50.61,45.209
69.05,50.656,45.213
69.1,50.626,45.213
69.15,50.627,45.211
69.2,50.633,45.21
69.25,50.629,45.211
69.3,50.629,45.211
69.35,50.628,45.211
69.4,50.633,45.212
69.45,50.625,45.211
69.5,50.624,45.211
69.55,50.63,45.211
69.6,50.624,45.211
69.65,50.623,45.211
69.7,50.623,45.211
69.75,50.622,45.21
69.8,50.623,45.211
69.85,50.621,45.211
69.9,50.621,45.21
69.95,50.622,45.21
70.0,50.62,45.21
70.05,50.619,45.21
70.1,50.619,45.21
70.15,50.619,45.21
70.2,50.62,45.211
70.25,50.618,45.211
70.3,50.618,45.211
70.35,50.618,45.211
70.4,50.617,45.211
70.45,50.284,44.724
70.5,49.01,43.83
70.55,48.431,43.255
70.6,47.56,42.433
70.65,46.863,41.94
70.7,45.902,40.964
70.75,45.386,40.572
70.8,44.1,39.564
70.85,43.768,39.132
70.9,42.552,38.264
70.95,41.984,37.734
71.0,40.841,36.832
71.05,40.367,36.323
71.1,39.452,35.434
71.15,38.756,34.958
71.2,37.836,33.956
71.25,37.315,33.568
71.3,36.047,32.58
71.35,35.655,32.09
71.4,34.425,31.191
71.45,33.835,30.659
71.5,32.97,29.805
71.55,32.316,29.298
71.6,31.229,28.265
71.65,30.614,27.809
71.7,29.635,26.809
71.75,29.02,26.385
71.8,27.953,25.423
71.85,27.474,25.006
71.9,26.502,24.15
71.95,25.814,23.603
72.0,24.805,22.629
72.05,24.24,22.175
72.1,23.231,21.184
72.15,22.678,20.769
72.2,21.626,19.786
72.25,21.055,19.352
72.3,20.007,18.363
72.35,19.441,17.945
72.4,18.415,16.957
72.45,17.806,16.535
72.5,16.847,15.55
72.55,16.185,15.126
72.6,15.243,14.185
72.65,14.582,13.74
72.7,13.647,12.755
72.75,13.016,12.307
72.8,12.081,11.31
72.85,11.483,10.882
72.9,10.496,9.887
72.95,9.891,9.452
73.0,8.894,8.476
73.05,8.316,8.048
73.1,7.35,7.078
73.15,6.769,6.642
73.2,5.797,5.658
73.25,5.302,5.245
73.3,4.413,4.337
73.35,0.0,0.001
73.4,0.124,1.687
73.45,0.191,2.592
73.5,0.319,4.336
73.55,0.385,5.224
73.6,0.534,6.996
73.65,0.622,7.94
73.7,0.795,9.858
73.75,0.882,10.852
73.8,1.057,12.859
73.85,1.143,13.853
73.9,1.438,15.904
73.95,1.594,17.043
74.0,1.894,19.273
74.05,1.98,19.661
74.1,2.152,20.547
74.15,2.238,21.048
74.2,3.238,22.183
74.25,3.753,22.923
74.3,4.726,24.176
74.35,5.238,24.91
74.4,6.801,26.649
74.45,6.986,27.475
74.5,8.026,29.356
74.55,8.856,29.992
74.6,9.8,31.264
74.65,10.088,31.825
74.7,11.418,33.466
74.75,12.105,34.337
74.8,12.933,35.891
74.85,12.654,35.778
74.9,12.649,35.837
74.95,12.65,35.838
75.0,12.649,35.84
75.05,12.649,35.84
75.1,12.649,35.842
75.15,12.649,35.842
75.2,12.649,35.842
75.25,12.649,35.843
75.3,12.649,35.843
75.35,12.649,35.842
75.4,12.649,35.842
75.45,12.649,35.843
75.5,12.649,35.843
75.55,12.648,35.843
75.6,12.648,35.843
75.65,12.648,35.844
75.7,12.648,35.844
75.75,12.648,35.843
75.8,12.648,35.844
75.85,12.648,35.844
75.9,12.648,35.844
75.95,12.648,35.844
76.0,12.648,35.844
76.05,12.648,35.843
76.1,12.648,35.844
76.15,12.648,35.844
76.2,12.648,35.845
76.25,12.648,35.845
76.3,12.648,35.844
76.35,12.648,35.845
76.4,12.648,35.845
76.45,12.648,35.845
76.5,12.648,35.845
76.55,12.648,35.845
76.6,12.648,35.845
76.65,12.648,35.845
76.7,12.648,35.845
76.75,12.648,35.845
76.8,12.648,35.845
76.85,12.648,35.845
76.9,12.648,35.845
76.95,12.648,35.846
77.0,12.648,35.846
77.05,12.648,35.846
77.1,12.648,35.846
77.15,12.648,35.846
77.2,12.648,35.846
77.25,12.648,35.846
77.3,12.648,35.846
77.35,12.648,35.846
77.4,12.648,35.846
77.45,12.648,35.846
77.5,12.648,35.846
77.55,12.648,35.846
77.6,12.648,35.847
77.65,12.648,35.847
77.7,12.648,35.846
77.75,12.648,35.847
77.8,12.648,35.847
77.85,12.661,35.883
77.9,12.66,35.893
77.95,12.66,35.892
78.0,12.66,35.893
78.05,12.66,35.893
78.1,12.66,35.892
78.15,12.66,35.893
78.2,12.66,35.893
78.25,12.66,35.892
78.3,12.66,35.893
78.35,12.66,35.893
78.4,12.66,35.893
78.45,12.66,35.893
78.5,12.66,35.893
78.55,12.66,35.893
78.6,12.66,35.893
78.65,12.66,35.893
78.7,12.66,35.893
78.75,12.66,35.893
78.8,12.66,35.893
78.85,12.66,35.893
78.9,12.66,35.893
78.95,12.66,35.893
79.0,12.66,35.893
79.05,12.66,35.893
79.1,12.66,35.893
79.15,12.66,35.893
79.2,12.66,35.893
79.25,12.66,35.893
79.3,12.66,35.893
79.35,12.66,35.893
79.4,12.66,35.893
79.45,12.66,35.893
79.5,12.66,35.893
79.55,12.66,35.893
79.6,12.66,35.893
79.65,12.66,35.893
79.7,12.66,35.893
79.75,12.66,35.893
79.8,12.66,35.893
79.85,12.66,35.893
79.9,12.66,35.893
79.95,12.66,35.893
80.0,12.66,35.893
80.05,12.66,35.893
80.1,12.66,35.893
80.15,12.66,35.893
80.2,12.66,35.893
80.25,12.66,35.893
80.3,12.66,35.893
80.35,12.66,35.893
80.4,12.66,35.893
80.45,12.66,35.893
80.5,12.66,35.893
80.55,12.66,35.893
80.6,12.66,35.893
80.65,12.66,35.893
80.7,12.66,35.893
80.75,12.66,35.893
80.8,12.66,35.893
80.85,12.656,35.785
80.9,12.65,35.846
80.95,12.651,35.847
81.0,12.65,35.845
81.05,12.65,35.847
81.1,12.65,35.847
81.15,12.65,35.846
81.2,12.65,35.846
81.25,12.65,35.848
81.3,12.65,35.848
81.35,12.649,35.847
81.4,12.649,35.847
81.45,12.649,35.848
81.5,12.649,35.847
81.55,12.649,35.847
81.6,12.649,35.847
81.65,12.649,35.848
81.7,12.649,35.847
81.75,12.649,35.847
81.8,12.649,35.848
81.85,12.649,35.848
81.9,12.649,35.848
81.95,12.649,35.847
82.0,12.649,35.848
82.05,12.649,35.848
82.1,12.649,35.848
82.15,12.649,35.848
82.2,12.649,35.848
82.25,12.649,35.848
82.3,12.649,35.848
82.35,12.649,35.848
82.4,12.649,35.848
82.45,12.649,35.848
82.5,12.649,35.848
82.55,12.649,35.848
82.6,12.649,35.848
82.65,12.649,35.848
82.7,12.649,35.848
82.75,12.649,35.848
82.8,12.649,35.848
82.85,12.649,35.848
82.9,12.649,35.848
82.95,12.649,35.848
83.0,12.649,35.848
83.05,12.649,35.848
83.1,12.649,35.848
83.15,12.649,35.849
83.2,12.649,35.849
83.25,12.649,35.849
83.3,12.649,35.849
83.35,12.649,35.849
83.4,12.649,35.849
83.45,12.649,35.848
83.5,12.649,35.849
83.55,12.649,35.849
83.6,12.649,35.849
83.65,12.649,35.849
83.7,12.649,35.849
83.75,12.649,35.849
83.8,12.649,35.849
83.85,12.652,35.777
83.9,12.65,35.84
83.95,12.649,35.842
84.0,12.649,35.842
84.05,12.649,35.841
84.1,12.649,35.842
84.15,12.649,35.843
84.2,12.649,35.844
84.25,12.649,35.843
84.3,12.649,35.844
84.35,12.649,35.844
84.4,12.643,35.808
84.45,12.521,35.177
84.5,12.081,34.106
84.55,11.962,33.506
84.6,11.484,32.219
84.65,11.346,31.534
84.7,10.583,30.133
84.75,10.177,29.404
84.8,9.68,28.021
84.85,9.561,27.388
84.9,9.068,26.07
84.95,8.931,25.296
85.0,8.52,24.023
85.05,8.331,23.353
85.1,7.856,22.088
85.15,7.725,21.357
85.2,6.935,20.029
85.25,6.833,19.387
85.3,6.339,18.089
85.35,5.946,17.357
85.4,5.457,16.061
85.45,5.334,15.404
85.5,5.135,14.206
85.55,4.773,13.588
85.6,4.566,12.391
85.65,4.176,11.647
85.7,3.392,10.271
85.75,3.227,9.593
85.8,2.765,8.299
85.85,2.372,7.57
85.9,1.873,6.28
85.95,1.755,5.624
86.0,1.568,4.422
86.05,1.191,3.776
86.1,0.904,2.554
86.15,0.588,1.825
86.2,0.092,0.564
86.25,0.0,0.0
86.3,0.0,0.0
86.35,0.0,0.0
86.4,0.0,0.0
86.45,0.0,0.0
86.5,0.0,0.0
86.55,0.0,0.0
86.6,0.0,0.0
86.65,0.0,0.0
86.7,0.0,0.0
86.75,0.0,0.0
86.8,0.0,0.0
86.85,0.0,0.0
86.9,0.0,0.0
86.95,0.0,0.0
87.0,0.0,0.0
87.05,0.0,0.0
87.1,0.0,0.0
87.15,0.0,0.0
87.2,0.0,0.0
87.25,0.0,0.0
87.3,0.0,0.0
87.35,0.0,0.0
87.4,0.0,0.0
87.45,0.0,0.0
87.5,0.0,0.0
87.55,0.0,0.0
87.6,0.0,0.0
87.65,0.0,0.0
87.7,0.0,0.0
87.75,0.0,0.0
87.8,0.0,0.0
87.85,0.0,0.0
87.9,0.0,0.0
87.95,0.0,0.0
88.0,0.0,0.0
88.05,0.0,0.0
88.1,0.0,0.0
88.15,0.0,0.0
88.2,0.0,0.0
88.25,0.0,0.0
88.3,0.0,0.0
88.35,0.0,0.0
